payment_record_id,booking_id,payment_id,amount,status,created_at,updated_at
1,200,462,191.14,failed,2025-07-04 04:39:31,2025-06-15 20:19:39
2,412,608,430.33,failed,2025-02-28 18:25:14,2025-02-15 07:36:35
3,488,800,79.03,pending,2025-04-12 11:09:14,2025-01-12 17:14:58
4,148,369,102.38,failed,2025-07-07 22:00:56,2025-06-03 22:15:24
5,196,284,480.61,refunded,2025-06-23 18:18:13,2025-03-26 03:37:47
6,388,37,395.83,pending,2025-03-28 06:14:47,2025-03-09 17:25:25
7,50,934,197.96,failed,2025-03-01 16:19:17,2025-04-20 12:15:28
8,445,159,373.96,refunded,2025-03-23 12:38:00,2025-05-12 00:28:52
9,417,759,153.26,paid,2025-04-25 04:26:33,2025-06-07 12:20:58
10,254,716,137.72,failed,2025-01-16 06:30:17,2025-04-15 03:22:23
11,45,185,167.26,paid,2025-03-11 01:47:01,2025-03-04 13:21:05
12,68,405,52.27,failed,2025-06-04 20:57:58,2025-05-26 05:19:35
13,137,965,491.17,pending,2025-01-17 07:06:20,2025-02-21 05:19:32
14,276,738,178.74,pending,2025-03-18 03:45:04,2025-01-13 16:10:45
15,35,289,468.79,paid,2025-04-07 11:57:20,2025-04-21 10:46:51
16,67,411,154.99,failed,2025-03-19 16:28:57,2025-06-13 14:51:48
17,287,425,122.9,paid,2025-05-08 19:48:52,2025-06-18 00:45:16
18,350,720,313.16,failed,2025-04-06 17:02:24,2025-05-08 08:51:48
19,399,994,420.04,paid,2025-01-09 17:04:42,2025-01-06 09:52:33
20,379,265,107.13,refunded,2025-07-01 12:25:56,2025-03-01 05:48:01
21,460,991,286.36,refunded,2025-01-10 01:48:03,2025-07-07 12:42:32
22,468,995,140.05,refunded,2025-03-26 19:58:24,2025-06-02 18:47:46
23,472,977,110.85,pending,2025-07-02 00:01:37,2025-05-05 19:41:45
24,308,172,146.07,failed,2025-04-23 20:55:13,2025-06-15 19:13:24
25,486,631,439.35,refunded,2025-04-22 17:24:48,2025-01-17 11:29:59
26,170,406,356.62,pending,2025-02-21 20:33:23,2025-03-18 11:39:12
27,100,515,239.47,failed,2025-01-11 18:37:45,2025-02-23 20:37:33
28,49,269,214.69,failed,2025-03-29 14:33:07,2025-02-24 03:46:40
29,495,852,366.27,failed,2025-03-29 07:01:51,2025-07-09 11:09:54
30,359,359,129.28,paid,2025-03-02 08:33:43,2025-01-26 13:10:52
31,356,932,75.39,failed,2025-03-17 02:18:02,2025-01-16 18:12:21
32,345,289,417.1,refunded,2025-01-30 06:09:33,2025-03-06 15:53:25
33,41,156,227.6,pending,2025-05-05 04:30:10,2025-01-15 07:09:06
34,39,352,448.35,pending,2025-01-02 18:01:13,2025-05-23 12:04:42
35,375,850,190.3,refunded,2025-02-02 00:56:46,2025-02-18 18:47:30
36,416,233,103.01,paid,2025-01-08 02:09:21,2025-06-14 12:06:45
37,107,824,435.58,paid,2025-06-27 16:54:53,2025-03-02 07:56:34
38,304,174,449.34,failed,2025-01-05 07:20:05,2025-01-20 22:59:33
39,306,366,407.3,failed,2025-02-22 05:10:10,2025-03-28 04:31:50
40,292,419,170.63,refunded,2025-01-12 14:27:32,2025-04-09 17:46:47
41,360,591,448.07,paid,2025-04-23 11:12:35,2025-01-26 05:54:30
42,60,462,230.38,paid,2025-06-03 08:32:46,2025-05-28 10:12:33
43,336,694,95.53,failed,2025-06-29 19:51:47,2025-03-22 00:30:33
44,442,824,494.21,refunded,2025-06-25 13:24:11,2025-06-21 09:16:05
45,421,531,448.29,paid,2025-01-03 05:39:14,2025-03-31 14:20:49
46,154,759,52.58,paid,2025-02-24 00:58:02,2025-01-23 03:55:44
47,55,496,444.56,paid,2025-01-14 03:43:02,2025-06-08 09:08:49
48,43,521,355.74,pending,2025-04-12 10:55:09,2025-04-29 22:21:33
49,62,301,135.94,refunded,2025-03-07 23:59:28,2025-04-09 04:10:44
50,122,369,95.51,refunded,2025-02-23 22:04:36,2025-03-26 02:22:22
51,85,147,399.52,refunded,2025-04-12 07:19:20,2025-06-16 23:39:13
52,139,595,383.91,failed,2025-07-02 16:49:11,2025-04-21 23:01:03
53,137,780,356.05,refunded,2025-04-05 00:20:39,2025-01-20 18:32:49
54,301,460,238.61,pending,2025-04-30 12:55:26,2025-03-21 12:01:08
55,441,681,225.62,pending,2025-01-20 13:33:10,2025-06-25 10:14:19
56,54,968,163.68,paid,2025-05-10 10:57:42,2025-04-15 07:47:13
57,273,533,237.09,pending,2025-03-12 14:34:15,2025-06-20 08:29:14
58,201,121,251.9,pending,2025-05-27 07:08:50,2025-02-24 05:49:06
59,358,461,220.97,paid,2025-03-18 17:21:30,2025-01-27 13:13:41
60,249,445,459.44,paid,2025-04-10 00:44:51,2025-04-16 12:49:10
61,437,403,430.54,failed,2025-06-15 22:08:21,2025-02-28 05:38:07
62,424,146,367.87,paid,2025-07-01 11:40:14,2025-02-24 05:01:25
63,385,632,347.0,pending,2025-01-25 13:58:25,2025-05-14 12:26:42
64,434,585,324.17,failed,2025-03-30 13:32:39,2025-04-09 00:23:10
65,175,474,224.06,paid,2025-06-03 07:38:45,2025-04-28 19:46:31
66,317,247,209.82,paid,2025-05-29 22:40:23,2025-01-19 14:00:39
67,480,320,149.18,refunded,2025-01-30 12:10:11,2025-03-22 19:30:56
68,278,98,355.31,pending,2025-06-04 04:13:36,2025-02-08 12:58:35
69,84,558,396.93,failed,2025-03-19 21:46:03,2025-05-10 18:09:11
70,169,566,355.49,pending,2025-01-16 04:22:50,2025-02-14 00:41:12
71,191,792,347.48,pending,2025-06-10 06:14:27,2025-06-18 23:10:49
72,375,858,405.78,failed,2025-04-06 07:10:02,2025-01-01 01:16:21
73,446,243,483.07,paid,2025-03-29 11:07:16,2025-02-11 05:17:17
74,305,561,131.15,refunded,2025-01-26 06:23:48,2025-02-19 18:55:42
75,133,306,124.66,refunded,2025-05-17 01:21:59,2025-01-10 08:56:15
76,277,272,455.37,paid,2025-04-20 01:08:27,2025-02-17 08:15:15
77,185,610,218.83,failed,2025-03-07 13:47:19,2025-02-26 23:53:20
78,147,596,95.86,paid,2025-04-12 15:41:06,2025-01-27 16:48:31
79,263,137,211.44,refunded,2025-06-12 21:47:39,2025-06-23 17:01:16
80,265,232,228.46,failed,2025-01-06 12:34:17,2025-03-08 15:59:40
81,2,846,171.8,paid,2025-03-14 16:52:04,2025-03-10 20:47:01
82,456,232,209.61,paid,2025-01-08 09:48:38,2025-06-05 19:43:27
83,278,58,391.94,paid,2025-02-17 10:38:45,2025-02-11 21:13:05
84,192,161,216.05,failed,2025-01-31 02:47:14,2025-02-18 16:55:32
85,116,989,437.79,pending,2025-03-28 19:03:49,2025-03-29 14:37:38
86,97,553,211.33,refunded,2025-03-21 20:56:35,2025-03-18 17:21:46
87,349,330,74.93,pending,2025-06-25 16:53:10,2025-01-19 00:21:32
88,443,203,465.24,paid,2025-04-28 21:30:56,2025-04-25 03:56:06
89,134,565,239.58,paid,2025-03-17 00:38:58,2025-06-22 12:16:59
90,203,151,120.87,pending,2025-05-20 03:41:15,2025-05-25 15:15:41
91,120,180,97.23,refunded,2025-06-27 11:51:49,2025-03-02 02:57:53
92,190,858,318.28,refunded,2025-01-12 08:27:28,2025-03-14 21:15:06
93,78,22,82.79,failed,2025-07-02 13:13:42,2025-03-23 04:51:02
94,193,257,416.54,refunded,2025-03-26 04:34:29,2025-03-18 19:32:00
95,129,567,349.28,paid,2025-04-12 05:16:03,2025-02-20 12:37:25
96,470,52,492.34,pending,2025-06-21 01:45:22,2025-02-17 22:59:14
97,159,472,485.51,pending,2025-02-17 20:12:49,2025-04-26 20:49:13
98,84,949,163.56,refunded,2025-01-10 08:49:58,2025-03-03 14:38:56
99,281,821,132.29,pending,2025-04-10 04:58:37,2025-03-23 00:26:32
100,116,327,396.46,pending,2025-01-12 23:27:26,2025-03-09 06:08:18
101,143,788,213.16,refunded,2025-05-12 13:25:21,2025-01-08 17:09:36
102,179,335,254.58,refunded,2025-04-18 23:10:51,2025-05-07 06:28:32
103,124,873,493.23,pending,2025-03-16 06:30:01,2025-05-11 18:58:57
104,207,325,386.85,failed,2025-01-12 02:42:54,2025-06-24 17:35:01
105,275,418,154.68,refunded,2025-03-05 17:13:51,2025-05-22 16:08:30
106,319,856,315.1,paid,2025-05-22 22:43:11,2025-05-13 17:27:37
107,59,81,149.05,failed,2025-04-19 20:10:57,2025-06-06 09:34:14
108,216,629,70.56,refunded,2025-04-21 07:03:48,2025-05-11 15:29:50
109,427,146,238.51,failed,2025-06-12 15:10:34,2025-03-20 04:42:46
110,281,241,354.56,paid,2025-05-13 12:39:15,2025-07-02 05:04:26
111,319,894,71.0,paid,2025-02-17 19:50:55,2025-03-21 13:45:58
112,323,635,248.26,refunded,2025-01-17 20:51:02,2025-01-11 22:08:23
113,438,351,50.19,failed,2025-03-31 22:56:21,2025-07-02 02:25:19
114,31,452,468.9,failed,2025-01-24 12:28:24,2025-01-07 22:36:16
115,405,532,414.37,pending,2025-02-17 01:08:21,2025-05-25 10:10:48
116,206,792,61.04,pending,2025-05-09 00:45:14,2025-03-12 16:00:37
117,70,103,258.26,pending,2025-05-04 01:16:38,2025-04-07 14:54:53
118,380,803,390.12,pending,2025-04-15 18:11:32,2025-07-04 21:41:09
119,108,334,492.28,failed,2025-04-09 22:39:41,2025-04-06 00:26:16
120,292,431,495.6,refunded,2025-05-15 17:19:40,2025-01-15 21:10:46
121,492,937,287.52,pending,2025-06-24 06:23:45,2025-06-12 05:35:14
122,323,896,425.21,pending,2025-06-26 02:32:00,2025-06-28 05:37:06
123,188,139,478.4,paid,2025-06-17 04:58:30,2025-02-03 10:08:31
124,405,383,82.42,failed,2025-05-25 00:13:01,2025-04-04 08:04:26
125,443,263,496.35,pending,2025-03-04 20:49:58,2025-01-06 11:27:37
126,71,685,267.9,paid,2025-04-27 04:05:38,2025-06-19 19:39:11
127,262,66,149.59,failed,2025-02-18 13:07:02,2025-03-29 02:41:40
128,425,152,229.86,refunded,2025-03-03 10:42:23,2025-03-19 22:00:38
129,73,939,340.55,pending,2025-02-05 02:52:25,2025-02-04 07:18:56
130,242,625,240.68,failed,2025-03-11 15:44:09,2025-01-13 12:28:24
131,203,785,133.51,refunded,2025-04-16 13:47:25,2025-03-22 14:37:09
132,85,450,86.2,refunded,2025-05-29 12:37:39,2025-01-16 17:23:33
133,370,794,366.82,failed,2025-01-14 08:29:52,2025-06-14 22:47:11
134,34,838,495.44,paid,2025-01-14 12:26:17,2025-06-06 18:28:52
135,113,886,125.26,paid,2025-03-20 08:31:16,2025-04-03 00:57:21
136,17,920,420.41,pending,2025-02-22 09:43:19,2025-07-02 12:45:47
137,297,191,207.96,pending,2025-01-21 07:44:29,2025-03-28 13:45:00
138,289,590,61.26,paid,2025-02-26 02:07:54,2025-04-20 03:34:37
139,473,474,321.99,failed,2025-07-07 18:14:16,2025-01-24 17:37:24
140,177,958,232.35,paid,2025-06-16 20:49:47,2025-07-07 03:32:06
141,323,693,88.72,refunded,2025-01-09 10:45:10,2025-04-25 03:46:27
142,297,177,105.84,failed,2025-02-27 11:43:38,2025-01-24 19:11:04
143,398,240,182.25,paid,2025-01-16 07:37:37,2025-07-07 02:55:56
144,488,197,308.85,paid,2025-04-10 09:06:38,2025-01-13 00:21:57
145,392,39,331.68,refunded,2025-03-22 18:47:54,2025-05-27 02:33:39
146,224,959,132.95,paid,2025-03-25 17:56:35,2025-06-16 05:02:33
147,415,859,182.52,refunded,2025-05-01 16:51:22,2025-05-07 05:09:14
148,165,80,436.7,pending,2025-04-22 05:42:32,2025-03-16 05:11:07
149,436,301,62.7,refunded,2025-01-18 09:11:12,2025-01-28 07:45:05
150,373,653,292.66,failed,2025-04-22 20:38:25,2025-05-11 10:33:07
151,226,51,454.15,refunded,2025-01-09 08:45:38,2025-04-04 23:45:18
152,73,870,429.46,failed,2025-01-11 05:22:25,2025-04-25 17:46:46
153,237,416,73.59,failed,2025-06-12 07:32:54,2025-04-20 12:36:05
154,467,47,120.02,failed,2025-01-15 22:31:31,2025-02-24 01:03:20
155,474,739,441.44,refunded,2025-02-06 16:14:03,2025-03-15 11:03:14
156,66,698,427.7,refunded,2025-01-26 01:12:00,2025-01-07 01:40:12
157,314,865,419.81,failed,2025-06-26 16:28:25,2025-04-01 00:58:18
158,313,998,173.99,paid,2025-01-14 17:49:25,2025-03-17 16:06:47
159,409,378,329.06,failed,2025-01-19 12:32:45,2025-05-27 05:50:44
160,217,525,465.03,failed,2025-05-10 16:44:51,2025-05-06 23:29:27
161,195,998,392.49,failed,2025-06-16 08:03:06,2025-03-31 11:42:03
162,374,739,395.44,pending,2025-01-19 21:24:12,2025-03-09 05:22:00
163,161,256,369.27,refunded,2025-06-08 17:10:56,2025-04-19 02:55:29
164,252,855,418.57,failed,2025-01-30 15:23:18,2025-04-21 11:17:33
165,189,912,329.39,refunded,2025-03-02 07:39:17,2025-03-27 19:28:17
166,145,583,169.09,refunded,2025-05-02 03:41:23,2025-03-17 06:03:11
167,168,747,187.75,pending,2025-05-02 16:31:12,2025-05-30 08:27:57
168,239,768,304.69,paid,2025-04-01 20:54:57,2025-01-28 17:16:09
169,329,644,486.13,refunded,2025-06-28 11:46:39,2025-02-26 16:10:31
170,217,972,432.81,failed,2025-06-29 12:47:19,2025-01-12 17:09:29
171,469,697,247.97,refunded,2025-04-19 21:05:55,2025-02-07 00:35:39
172,177,668,349.53,pending,2025-05-20 15:04:04,2025-02-23 03:00:09
173,137,601,191.0,pending,2025-04-02 18:17:24,2025-02-13 07:11:28
174,343,653,136.99,pending,2025-02-07 18:35:52,2025-01-16 15:43:43
175,69,713,461.71,failed,2025-07-05 14:35:56,2025-05-24 02:58:12
176,132,510,459.44,failed,2025-04-12 17:13:08,2025-05-04 01:55:35
177,440,574,382.31,failed,2025-01-11 10:47:06,2025-04-24 04:57:38
178,180,811,388.83,paid,2025-03-18 21:40:51,2025-01-30 03:56:26
179,317,978,462.87,paid,2025-06-29 16:55:22,2025-02-07 19:49:19
180,465,961,193.25,refunded,2025-04-14 18:25:10,2025-05-28 01:20:09
181,389,383,328.87,pending,2025-07-04 20:47:18,2025-02-24 00:31:18
182,90,396,440.8,refunded,2025-01-11 19:55:33,2025-06-18 13:26:12
183,113,183,449.0,paid,2025-05-05 05:28:04,2025-02-27 18:53:59
184,87,912,353.17,paid,2025-05-25 03:40:33,2025-03-13 10:32:30
185,107,384,329.69,failed,2025-01-09 22:45:34,2025-04-09 18:46:46
186,473,273,234.7,failed,2025-07-01 01:27:16,2025-05-29 15:24:11
187,179,452,334.72,refunded,2025-03-28 05:52:35,2025-04-18 05:27:50
188,37,472,469.05,paid,2025-03-08 02:28:53,2025-03-01 04:40:49
189,73,314,415.76,paid,2025-01-20 09:53:01,2025-02-14 09:06:27
190,127,963,171.79,paid,2025-07-05 08:57:39,2025-02-02 21:03:23
191,215,533,81.37,refunded,2025-05-02 21:30:22,2025-03-04 09:17:50
192,440,683,180.15,failed,2025-04-18 22:34:10,2025-03-16 06:03:06
193,492,277,496.71,refunded,2025-02-02 05:12:39,2025-02-05 21:47:03
194,154,935,456.33,paid,2025-05-01 22:36:55,2025-04-25 07:44:38
195,300,821,131.26,pending,2025-03-12 02:01:36,2025-06-04 11:37:47
196,16,709,479.05,failed,2025-06-18 06:36:22,2025-03-21 03:23:34
197,420,881,58.69,failed,2025-06-09 17:00:58,2025-01-07 12:04:41
198,242,154,357.81,failed,2025-07-04 12:30:59,2025-06-18 07:43:18
199,237,785,261.94,paid,2025-06-08 06:30:11,2025-01-17 00:54:49
200,424,194,161.04,paid,2025-06-12 00:19:04,2025-03-02 07:09:50
201,72,785,249.39,paid,2025-06-05 14:35:54,2025-03-15 21:22:14
202,207,970,135.67,paid,2025-01-15 14:59:15,2025-04-10 20:13:46
203,207,86,118.04,paid,2025-01-17 04:25:37,2025-02-14 09:19:20
204,488,202,107.72,pending,2025-01-26 13:39:35,2025-06-16 10:01:03
205,423,733,92.35,paid,2025-01-22 07:05:07,2025-06-05 13:01:43
206,351,289,78.5,failed,2025-01-15 18:08:50,2025-01-17 20:21:06
207,6,75,164.4,refunded,2025-05-16 06:43:57,2025-04-23 08:24:19
208,315,883,106.87,paid,2025-05-28 00:34:44,2025-02-21 13:42:59
209,478,657,421.19,failed,2025-06-25 23:27:39,2025-05-20 05:55:00
210,334,204,183.49,paid,2025-04-20 19:29:26,2025-06-04 21:51:37
211,192,250,118.88,pending,2025-03-15 06:38:50,2025-02-24 12:44:17
212,170,779,425.34,pending,2025-01-31 08:31:04,2025-04-06 12:07:15
213,126,663,363.93,pending,2025-02-22 01:45:34,2025-04-22 23:54:59
214,209,924,121.14,refunded,2025-05-15 20:02:29,2025-03-28 18:41:21
215,261,462,366.22,failed,2025-06-07 04:31:21,2025-06-06 05:44:46
216,72,690,418.24,failed,2025-03-03 01:11:29,2025-07-09 07:23:25
217,422,169,355.5,refunded,2025-03-29 04:34:18,2025-04-08 12:36:18
218,378,389,146.78,paid,2025-02-27 20:10:01,2025-05-06 12:34:51
219,437,177,487.47,pending,2025-03-13 18:31:25,2025-06-08 16:14:45
220,88,845,251.37,pending,2025-03-20 14:37:05,2025-05-28 01:08:23
221,482,531,276.25,pending,2025-02-16 18:07:34,2025-05-28 08:42:28
222,319,758,446.47,refunded,2025-06-17 23:29:15,2025-01-29 08:13:01
223,13,571,88.63,failed,2025-06-27 17:33:59,2025-05-21 17:08:51
224,492,829,111.89,paid,2025-04-19 17:08:23,2025-03-20 20:37:22
225,35,570,110.55,failed,2025-04-15 02:20:56,2025-06-01 09:09:07
226,48,135,223.37,failed,2025-02-16 06:55:56,2025-05-18 11:12:00
227,384,957,228.36,paid,2025-04-05 11:07:23,2025-05-23 06:04:00
228,497,127,145.49,paid,2025-01-29 04:08:53,2025-03-24 09:54:31
229,21,888,195.15,refunded,2025-01-04 00:54:21,2025-02-14 10:03:39
230,345,738,143.71,refunded,2025-03-11 21:27:33,2025-01-16 00:55:57
231,8,164,394.72,paid,2025-04-11 16:17:37,2025-02-10 09:00:38
232,431,685,349.69,failed,2025-05-21 20:47:58,2025-03-08 14:15:58
233,485,134,448.79,refunded,2025-03-27 16:19:48,2025-02-13 18:49:28
234,483,319,259.07,pending,2025-06-05 06:23:48,2025-04-15 19:21:18
235,308,651,95.07,refunded,2025-03-31 23:36:39,2025-04-13 18:56:30
236,183,116,406.17,refunded,2025-04-04 10:48:23,2025-06-17 21:53:32
237,285,276,369.71,failed,2025-03-06 17:30:54,2025-03-29 12:39:54
238,123,751,444.29,paid,2025-04-29 21:24:09,2025-02-26 09:11:05
239,257,188,459.92,paid,2025-03-20 22:43:24,2025-05-02 02:22:55
240,284,564,222.27,paid,2025-04-08 19:13:28,2025-03-07 21:50:27
241,123,380,286.34,failed,2025-05-02 23:41:56,2025-04-04 12:07:33
242,29,928,455.64,refunded,2025-01-28 07:25:11,2025-03-28 08:54:41
243,266,459,482.78,refunded,2025-05-07 03:32:35,2025-03-10 07:08:55
244,151,282,198.0,refunded,2025-03-02 11:48:31,2025-02-10 12:16:14
245,47,105,50.63,failed,2025-03-15 09:22:49,2025-02-22 00:13:45
246,480,562,184.63,failed,2025-03-09 12:06:33,2025-01-01 13:47:22
247,450,133,303.91,paid,2025-04-27 03:05:02,2025-03-13 00:30:25
248,277,641,329.52,paid,2025-03-02 06:52:46,2025-01-09 00:01:34
249,365,478,357.92,failed,2025-02-20 07:47:07,2025-05-05 00:12:58
250,315,442,445.46,pending,2025-06-14 08:11:11,2025-02-02 07:06:46
251,119,62,159.65,paid,2025-02-26 12:03:25,2025-06-07 05:20:52
252,133,538,64.56,refunded,2025-04-24 12:36:35,2025-04-25 03:27:43
253,353,92,363.06,failed,2025-02-05 08:42:43,2025-06-10 06:51:06
254,467,663,392.82,refunded,2025-01-16 19:04:20,2025-02-03 10:24:00
255,136,79,497.83,failed,2025-01-14 00:20:49,2025-03-21 01:14:36
256,225,143,105.16,paid,2025-02-24 17:16:59,2025-04-02 10:02:02
257,328,717,212.19,failed,2025-03-25 03:49:55,2025-05-28 00:02:03
258,184,188,463.74,paid,2025-02-10 10:56:44,2025-01-13 15:33:32
259,217,904,345.04,pending,2025-02-16 09:48:38,2025-03-29 20:48:40
260,358,49,209.91,paid,2025-05-12 15:44:11,2025-02-15 00:28:24
261,400,267,278.25,failed,2025-04-08 17:02:43,2025-02-09 20:20:11
262,345,712,279.01,failed,2025-06-23 06:51:45,2025-04-26 21:17:46
263,167,399,144.38,pending,2025-03-07 05:36:26,2025-01-12 20:46:46
264,42,631,154.05,refunded,2025-04-10 06:08:04,2025-04-18 01:32:32
265,107,168,243.93,failed,2025-01-20 16:52:27,2025-02-09 08:19:13
266,469,824,251.28,pending,2025-05-06 05:08:35,2025-04-28 12:25:07
267,128,412,433.68,failed,2025-03-12 17:31:16,2025-01-06 08:48:57
268,409,854,103.79,pending,2025-06-11 11:05:51,2025-05-26 17:06:56
269,473,23,472.56,paid,2025-02-26 14:07:16,2025-06-02 18:37:25
270,29,70,143.94,refunded,2025-04-27 03:07:06,2025-05-18 17:04:12
271,139,242,416.79,failed,2025-02-24 22:06:10,2025-01-26 04:20:47
272,205,539,121.17,pending,2025-06-29 05:10:24,2025-02-15 22:31:38
273,468,530,140.62,refunded,2025-06-23 13:49:15,2025-04-06 01:50:26
274,236,516,90.27,paid,2025-03-23 03:46:40,2025-05-05 09:14:11
275,484,829,388.3,refunded,2025-05-05 23:56:09,2025-03-04 15:31:32
276,255,684,450.09,refunded,2025-05-06 22:01:53,2025-05-06 06:33:08
277,300,944,65.58,failed,2025-03-03 18:12:08,2025-03-25 14:52:23
278,500,599,144.22,pending,2025-06-27 12:05:44,2025-07-03 10:35:09
279,106,377,496.57,pending,2025-01-20 03:55:16,2025-03-30 22:38:51
280,471,219,206.05,pending,2025-02-28 15:32:23,2025-02-15 07:37:49
281,85,138,71.78,refunded,2025-06-19 11:18:03,2025-04-27 12:57:30
282,290,338,310.07,failed,2025-05-13 13:55:32,2025-06-19 04:14:11
283,18,563,380.42,paid,2025-02-22 12:16:05,2025-02-19 08:55:54
284,466,969,280.12,pending,2025-02-09 13:48:45,2025-06-10 07:24:07
285,342,814,88.66,failed,2025-02-17 00:25:41,2025-01-24 06:16:24
286,4,434,437.75,refunded,2025-04-06 16:44:32,2025-01-15 08:10:39
287,500,437,92.92,refunded,2025-01-06 15:57:45,2025-05-08 22:48:24
288,482,922,447.05,pending,2025-03-04 16:40:21,2025-04-04 09:23:49
289,205,473,389.3,failed,2025-06-21 02:49:00,2025-04-02 04:49:55
290,38,957,149.85,refunded,2025-03-31 10:24:31,2025-06-18 15:44:42
291,120,377,257.26,paid,2025-06-09 19:42:24,2025-04-30 13:51:12
292,446,990,184.8,pending,2025-01-29 15:22:42,2025-06-27 10:53:24
293,72,636,176.88,paid,2025-06-12 05:52:40,2025-04-23 18:48:17
294,101,927,405.46,pending,2025-05-13 02:40:08,2025-06-09 09:20:33
295,132,541,497.6,failed,2025-06-10 02:41:50,2025-02-11 07:29:24
296,416,387,482.76,pending,2025-06-07 01:56:39,2025-03-28 17:35:26
297,132,548,401.55,pending,2025-01-11 20:03:39,2025-03-02 22:43:22
298,267,362,475.5,refunded,2025-06-26 09:31:07,2025-04-12 19:46:42
299,199,693,241.08,pending,2025-02-01 10:50:03,2025-02-23 14:13:38
300,253,935,422.96,failed,2025-03-22 08:22:36,2025-01-14 21:49:07
301,369,837,212.55,failed,2025-05-08 18:35:45,2025-05-13 08:33:31
302,98,76,142.87,refunded,2025-02-22 18:32:52,2025-05-22 15:42:26
303,258,735,471.88,failed,2025-05-29 13:00:59,2025-03-28 17:19:01
304,124,625,447.69,refunded,2025-02-21 09:06:51,2025-06-14 15:24:52
305,451,41,234.19,pending,2025-04-29 01:11:12,2025-03-03 20:10:40
306,388,88,264.8,paid,2025-01-19 16:05:11,2025-01-24 16:14:19
307,411,76,364.8,pending,2025-05-03 23:46:10,2025-01-26 06:12:45
308,279,636,496.57,failed,2025-03-22 00:15:10,2025-01-27 16:39:40
309,257,791,329.56,pending,2025-01-09 09:18:39,2025-05-30 18:41:47
310,250,520,185.62,failed,2025-02-13 09:32:07,2025-04-30 14:00:52
311,153,204,232.74,refunded,2025-01-09 21:43:21,2025-01-21 08:05:07
312,123,387,168.7,pending,2025-03-30 03:38:12,2025-07-02 10:55:00
313,237,979,352.25,refunded,2025-02-21 03:14:42,2025-03-24 12:33:00
314,297,232,393.66,paid,2025-01-09 01:20:54,2025-02-24 14:36:38
315,151,779,74.73,paid,2025-06-18 13:46:48,2025-03-02 22:05:03
316,273,902,358.06,paid,2025-03-25 17:41:31,2025-03-04 15:19:23
317,335,754,287.61,pending,2025-01-29 22:22:21,2025-04-01 04:58:11
318,119,679,315.24,pending,2025-02-22 23:58:35,2025-04-27 21:49:10
319,410,664,119.54,refunded,2025-05-25 13:42:50,2025-06-05 06:18:56
320,171,815,223.62,failed,2025-05-26 09:03:06,2025-06-18 13:47:23
321,122,154,405.44,paid,2025-02-28 01:16:01,2025-04-23 08:34:08
322,43,706,333.45,failed,2025-03-06 10:31:45,2025-01-03 11:36:32
323,322,92,434.26,paid,2025-03-24 18:03:08,2025-03-09 00:13:28
324,454,559,308.78,paid,2025-07-09 04:05:45,2025-04-10 14:46:47
325,305,962,344.87,paid,2025-06-03 14:40:47,2025-05-14 12:50:26
326,256,119,98.77,pending,2025-04-30 00:32:05,2025-07-08 17:28:36
327,284,762,399.59,pending,2025-06-04 20:35:57,2025-06-19 04:00:56
328,352,705,388.79,pending,2025-05-07 22:46:59,2025-04-23 03:51:50
329,373,359,190.18,paid,2025-02-02 12:41:07,2025-06-04 03:20:16
330,202,621,473.56,refunded,2025-04-29 22:47:39,2025-01-11 20:06:04
331,495,957,235.43,refunded,2025-04-14 05:50:02,2025-01-03 12:28:53
332,392,269,484.05,failed,2025-03-19 20:27:10,2025-06-13 18:37:58
333,498,516,156.09,refunded,2025-03-12 09:36:43,2025-06-14 21:05:41
334,350,525,370.35,pending,2025-06-05 07:47:38,2025-01-08 15:24:59
335,300,642,127.7,pending,2025-05-03 05:21:06,2025-03-26 15:30:29
336,291,608,443.87,failed,2025-02-12 22:24:57,2025-01-26 08:30:53
337,306,225,130.5,failed,2025-02-20 17:00:15,2025-05-20 22:32:52
338,57,432,120.49,failed,2025-04-13 18:00:52,2025-07-05 12:16:23
339,192,795,450.1,failed,2025-05-31 09:47:14,2025-06-23 01:30:32
340,5,422,268.73,paid,2025-03-01 11:53:16,2025-06-19 20:30:36
341,339,738,69.96,paid,2025-02-03 16:43:19,2025-07-01 21:44:59
342,114,799,485.66,refunded,2025-01-23 17:00:39,2025-03-10 07:32:18
343,232,904,262.5,pending,2025-01-29 01:00:56,2025-01-15 15:48:11
344,308,854,111.14,refunded,2025-02-10 15:11:58,2025-01-10 08:13:31
345,278,137,51.25,refunded,2025-05-10 02:39:29,2025-04-22 02:29:57
346,430,875,212.42,failed,2025-03-30 14:12:25,2025-02-01 12:43:21
347,249,403,335.74,refunded,2025-01-07 09:01:53,2025-04-12 14:29:46
348,215,519,74.42,paid,2025-01-16 02:42:14,2025-02-22 13:11:19
349,478,756,50.68,failed,2025-01-29 16:25:04,2025-03-27 10:07:55
350,57,976,270.45,pending,2025-04-13 07:56:14,2025-04-29 20:02:50
351,109,546,271.42,paid,2025-02-22 21:59:25,2025-01-16 19:41:17
352,71,528,88.61,paid,2025-01-12 16:00:42,2025-01-01 16:21:41
353,372,873,346.78,pending,2025-06-05 06:30:34,2025-07-06 17:53:30
354,422,224,404.85,failed,2025-06-27 10:48:05,2025-04-28 14:22:11
355,482,552,241.16,pending,2025-01-01 12:19:00,2025-02-18 18:12:18
356,234,132,425.13,pending,2025-02-17 01:51:33,2025-05-14 09:58:32
357,176,674,464.96,refunded,2025-02-28 02:03:11,2025-04-24 12:55:41
358,431,599,370.8,pending,2025-05-01 00:36:52,2025-04-22 07:21:00
359,241,836,226.54,refunded,2025-02-20 14:41:22,2025-02-23 21:57:05
360,389,853,446.23,refunded,2025-06-02 21:17:38,2025-03-28 20:42:00
361,434,234,353.82,pending,2025-03-03 18:20:03,2025-01-11 16:32:01
362,115,161,416.1,pending,2025-05-08 00:11:10,2025-01-10 23:16:36
363,24,431,288.09,failed,2025-06-13 08:02:51,2025-06-01 05:04:33
364,458,274,329.1,paid,2025-02-05 04:11:38,2025-02-28 13:32:59
365,74,843,396.89,refunded,2025-05-10 03:05:46,2025-03-24 11:36:09
366,118,961,71.24,pending,2025-06-20 10:30:32,2025-01-03 22:02:21
367,276,571,114.01,pending,2025-06-06 03:46:41,2025-04-18 02:20:22
368,185,904,414.53,refunded,2025-05-18 01:57:28,2025-05-24 13:11:44
369,1,809,207.72,pending,2025-06-22 08:16:08,2025-05-22 12:09:20
370,378,708,446.17,pending,2025-04-16 19:28:17,2025-04-13 01:11:17
371,169,377,70.83,paid,2025-03-22 09:27:50,2025-06-24 10:31:03
372,258,129,389.24,paid,2025-06-24 17:50:48,2025-03-09 23:33:08
373,171,853,113.38,refunded,2025-06-24 19:02:59,2025-03-16 20:48:47
374,246,643,289.91,paid,2025-02-06 17:23:09,2025-03-17 07:24:51
375,334,670,371.27,paid,2025-01-28 16:49:27,2025-05-02 17:54:05
376,253,760,364.65,pending,2025-01-02 01:13:02,2025-06-08 06:27:12
377,111,42,58.57,failed,2025-05-10 11:33:48,2025-01-26 09:35:18
378,102,401,172.93,failed,2025-01-21 10:50:34,2025-06-03 02:33:06
379,320,851,460.04,pending,2025-03-05 01:11:09,2025-06-18 16:03:59
380,456,598,213.32,pending,2025-05-25 17:34:23,2025-05-05 06:09:02
381,207,325,172.96,paid,2025-05-05 13:48:24,2025-04-25 04:49:08
382,198,368,126.69,refunded,2025-07-08 21:20:29,2025-05-29 20:50:32
383,237,275,245.56,paid,2025-04-12 08:27:44,2025-05-02 09:43:53
384,355,580,196.75,failed,2025-04-16 18:42:12,2025-05-31 09:45:45
385,267,169,78.55,pending,2025-06-25 06:50:47,2025-01-13 14:35:21
386,261,268,88.86,paid,2025-05-15 02:36:11,2025-04-26 05:53:32
387,112,11,257.81,paid,2025-02-21 11:13:26,2025-03-14 22:32:52
388,129,866,420.48,pending,2025-05-28 12:10:35,2025-04-14 02:04:45
389,248,154,290.01,paid,2025-02-01 08:48:54,2025-05-31 04:01:00
390,127,890,75.81,refunded,2025-06-14 00:12:13,2025-04-01 10:39:45
391,91,534,184.52,failed,2025-04-29 09:06:23,2025-02-21 17:27:44
392,83,759,454.75,refunded,2025-04-13 15:34:16,2025-03-29 23:38:01
393,17,939,388.16,paid,2025-05-29 23:11:27,2025-04-18 12:24:56
394,498,844,53.97,paid,2025-07-04 14:39:24,2025-04-09 16:35:48
395,162,786,317.2,paid,2025-07-07 03:33:21,2025-02-15 11:03:21
396,351,745,378.93,pending,2025-07-04 01:47:27,2025-05-20 14:16:08
397,77,241,446.67,pending,2025-04-09 11:44:52,2025-04-20 19:57:16
398,214,718,206.11,paid,2025-05-19 10:02:32,2025-06-05 10:34:16
399,436,556,184.72,paid,2025-01-10 14:13:16,2025-01-02 03:57:02
400,351,98,168.59,pending,2025-04-15 23:30:16,2025-07-06 16:13:15
